Client,Targetting,Radius,Exclude
Essential,"Auburn, WA",30mi,
Essential,"Fort Lewis, WA",17mi,
Essential,"Kirkland, WA",15mi,
Apex Pros,"Columbus, OH",40mi,
Apex Pros,"Delaware, OH",20mi,
Apex Pros,"Newark, OH",20mi,
One Stop,"Provo, UT",30mi,
One Stop,"Salt Lake City, UT",40mi,
Complete Comfort,"Indianapolis, IN",45mi,
Topline - Eastern PA,"Wayne County, Pennsylvania",,
Topline - Eastern PA,"Pike County, Pennsylvania",,
Topline - Eastern PA,"Monroe County, Pennsylvania",,
Topline - Eastern PA,"Lackawanna County, Pennsylvania",,
Topline - Eastern PA,"Luzerne County, Pennsylvania",,
Topline - Eastern PA,"Carbon County, Pennsylvania",,
Topline - Eastern PA,"Schuylkill County, Pennsylvania",,
Topline - Eastern PA,"Wyoming County, Pennsylvania",,
Topline - Eastern PA,"Columbia County, Pennsylvania",,
Topline - Eastern PA,"Union County, Pennsylvania",,
Topline - Eastern PA,"Snyder County, Pennsylvania",,
Topline - Eastern PA,"Montour, County Pennsylvania",,
Topline - Eastern PA,"Northumberland County, Pennsylvania",,
Topline - Eastern PA,"Dauphin County, Pennsylvania",,
Topline - Eastern PA,"Perry County, Pennsylvania",,
Topline - Eastern PA,"Lebanon County, Pennsylvania",,
Topline - Eastern PA,"Lancaster County, Pennsylvania",,
Topline - Eastern PA,"York County, Pennsylvania",,
Topline - Eastern PA,"Adams County, Pennsylvania",,
Topline - Eastern PA,"Cumberland County, Pennsylvania",,
Topline - Eastern PA,"Franklin County, Pennsylvania",,
Topline - Eastern PA,"Berks County, Pennsylvania",,
Topline - Eastern PA,"Bucks County, Pennsylvania",,
Topline - Eastern PA,"Montgomery County, Pennsylvania",,
Topline - Eastern PA,"Chester County, Pennsylvania",,
Topline - Eastern PA,"Delaware County, Pennsylvania",,
Topline - Eastern PA,"Northampton County, Pennsylvania",,
Topline - Eastern PA,"Lehigh County, Pennsylvania",,
Topline - Eastern PA,"Mifflin County, Pennsylvania",,
Topline - Eastern PA,"Juniata County, Pennsylvania",,
Topline - Central PA,"Sullivan County, Pennsylvania",,
Topline - Central PA,"Susquehanna County, Pennsylvania",,
Topline - Central PA,"Bradford County, Pennsylvania",,
Topline - Central PA,"Warren County, Pennsylvania",,
Topline - Central PA,"McKean County, Pennsylvania",,
Topline - Central PA,"Potter County, Pennsylvania",,
Topline - Central PA,"Tioga County, Pennsylvania",,
Topline - Central PA,"Cameron County, Pennsylvania",,
Topline - Central PA,"Elk County, Pennsylvania",,
Topline - Central PA,"Clinton County, Pennsylvania",,
Topline - Central PA,"Lycoming County, Pennsylvania",,
Topline - Central PA,"Centre County, Pennsylvania",,
Topline - Central PA,"Blair County, Pennsylvania",,
Topline - Central PA,"Huntingdon County, Pennsylvania",,
Topline - Central PA,"Fulton County, Pennsylvania",,
Topline - Western PA,"Erie County, Pennsylvania",,
Topline - Western PA,"Crawford County, Pennsylvania",,
Topline - Western PA,"Venango County, Pennsylvania",,
Topline - Western PA,"Mercer County, Pennsylvania",,
Topline - Western PA,"Clarion County, Pennsylvania",,
Topline - Western PA,"Forest County, Pennsylvania",,
Topline - Western PA,"Lawrence County, Pennsylvania",,
Topline - Western PA,"Beaver County, Pennsylvania",,
Topline - Western PA,"Butler County, Pennsylvania",,
Topline - Western PA,"Armstrong County, Pennsylvania",,
Topline - Western PA,"Allegheny County, Pennsylvania",,
Topline - Western PA,"Washington County, Pennsylvania",,
Topline - Western PA,"Greene County, Pennsylvania",,
Topline - Western PA,"Fayette County, Pennsylvania",,
Topline - Western PA,"Westmoreland County, Pennsylvania",,
Topline - Western PA,"Somerset County, Pennsylvania",,
Topline - Western PA,"Jefferson County, Pennsylvania",,
Topline - Western PA,"Clearfield County, Pennsylvania",,
Topline - Western PA,"Bedford County, Pennsylvania",,
Topline - Western PA,"Cambria County, Pennsylvania",,
Topline - Western PA,"Indiana County, Pennsylvania",,
Happy Coatings,"Berkshire County, Massachusetts, United States",,
Happy Coatings,"Franklin County, Massachusetts, United States",,
Happy Coatings,"Hampden County, Massachusetts, United States",,
Happy Coatings,"Hampshire County, Massachusetts, United States",,
Happy Coatings,"Worcester County, Massachusetts, United States",,
Happy Coatings,"Norwich, CT",20mi,
Happy Coatings,"Putnam, CT",12mi,
Happy Coatings,"Southwick, MA",37mi,
Happy Coatings,"01201, Massachusetts",,
Happy Coatings,"01202, Massachusetts",,
Happy Coatings,"01220, Massachusetts",,
Happy Coatings,"01223, Massachusetts",,
Happy Coatings,"01225, Massachusetts",,
Happy Coatings,"01226, Massachusetts",,
Happy Coatings,"01230, Massachusetts",,
Happy Coatings,"01235, Massachusetts",,
Happy Coatings,"01237, Massachusetts",,
Happy Coatings,"01238, Massachusetts",,
Happy Coatings,"01240, Massachusetts",,
Happy Coatings,"01245, Massachusetts",,
Happy Coatings,"01247, Massachusetts",,
Happy Coatings,"01253, Massachusetts",,
Happy Coatings,"01254, Massachusetts",,
Happy Coatings,"01255, Massachusetts",,
Happy Coatings,"01257, Massachusetts",,
Happy Coatings,"01258, Massachusetts",,
Happy Coatings,"01262, Massachusetts",,
Happy Coatings,"01264, Massachusetts",,
Happy Coatings,"01270, Massachusetts",,
Happy Coatings,New York,,Exclude
Happy Coatings,Rhode Island,,Exclude
Protocol ,"Atlantic County, New Jersey, United States",,
Protocol ,"Essex County, New Jersey, United States",,
Protocol ,"Hunterdon County, New Jersey, United States",,
Protocol ,"Morris County, New Jersey, United States",,
Protocol ,"Ocean County, New Jersey, United States",,
Protocol ,"Passaic County, New Jersey, United States",,
Protocol ,"Somerset County, New Jersey, United States",,
Protocol ,"Sussex County, New Jersey, United States",,
Protocol ,"Union County, New Jersey, United States",,
Protocol ,"Warren County, New Jersey, United States",,
Protocol ,"Monmouth County, New Jersey",,
Protocol ,"Atlantic City, NJ (Double Check)",20mi,
Protocol ,Michigan,,Exclude
Protocol ,Florida,,Exclude
Protocol ,Tennessee,,Exclude
Protocol ,Ohio,,Exclude
Glamorgan,"213 Fellows Rd, Mechanicville, NY 12118",30mi,
Glamorgan,"43.274396,-73.634510",10mi,
NorthWest Experts,"1020 S 344th St, Federal Way, WA 98003",13mi,
Air Control,19810,30mi,
Air Control,Exclude: PA,,
Royal ,"Baileyville, TX",190mi,
Royal ,"Brownsville, TX",,EXCLUDE
Integrity Heating & Air,"21601, Maryland",,
Integrity Heating & Air,"21607, Maryland",,
Integrity Heating & Air,"21610, Maryland",,
Integrity Heating & Air,"21613, Maryland",,
Integrity Heating & Air,"21620, Maryland",,
Integrity Heating & Air,"21622, Maryland",,
Integrity Heating & Air,"21623, Maryland",,
Integrity Heating & Air,"21625, Maryland",,
Integrity Heating & Air,"21626, Maryland",,
Integrity Heating & Air,"21628, Maryland",,
Integrity Heating & Air,"21631, Maryland",,
Integrity Heating & Air,"21632, Maryland",,
Integrity Heating & Air,"21636, Maryland",,
Integrity Heating & Air,"21638, Maryland",,
Integrity Heating & Air,"21639, Maryland",,
Integrity Heating & Air,"21640, Maryland",,
Integrity Heating & Air,"21643, Maryland",,
Integrity Heating & Air,"21644, Maryland",,
Integrity Heating & Air,"21645, Maryland",,
Integrity Heating & Air,"21648, Maryland",,
Integrity Heating & Air,"21649, Maryland",,
Integrity Heating & Air,"21650, Maryland",,
Integrity Heating & Air,"21651, Maryland",,
Integrity Heating & Air,"21654, Maryland",,
Integrity Heating & Air,"21655, Maryland",,
Integrity Heating & Air,"21657, Maryland",,
Integrity Heating & Air,"21658, Maryland",,
Integrity Heating & Air,"21659, Maryland",,
Integrity Heating & Air,"21660, Maryland",,
Integrity Heating & Air,"21661, Maryland",,
Integrity Heating & Air,"21662, Maryland",,
Integrity Heating & Air,"21667, Maryland",,
Integrity Heating & Air,"21668, Maryland",,
Integrity Heating & Air,"21669, Maryland",,
Integrity Heating & Air,"21672, Maryland",,
Integrity Heating & Air,"21673, Maryland",,
Integrity Heating & Air,"21675, Maryland",,
Integrity Heating & Air,"21677, Maryland",,
Integrity Heating & Air,"21678, Maryland",,
Integrity Heating & Air,"21679, Maryland",,
Integrity Heating & Air,"21801, Maryland",,
Integrity Heating & Air,"21804, Maryland",,
Integrity Heating & Air,"21810, Maryland",,
Integrity Heating & Air,"21811, Maryland",,
Integrity Heating & Air,"21813, Maryland",,
Integrity Heating & Air,"21814, Maryland",,
Integrity Heating & Air,"21821, Maryland",,
Integrity Heating & Air,"21822, Maryland",,
Integrity Heating & Air,"21826, Maryland",,
Integrity Heating & Air,"21829, Maryland",,
Integrity Heating & Air,"21830, Maryland",,
Integrity Heating & Air,"21835, Maryland",,
Integrity Heating & Air,"21836, Maryland",,
Integrity Heating & Air,"21837, Maryland",,
Integrity Heating & Air,"21840, Maryland",,
Integrity Heating & Air,"21841, Maryland",,
Integrity Heating & Air,"21849, Maryland",,
Integrity Heating & Air,"21850, Maryland",,
Integrity Heating & Air,"21851, Maryland",,
Integrity Heating & Air,"21853, Maryland",,
Integrity Heating & Air,"21856, Maryland",,
Integrity Heating & Air,"21861, Maryland",,
Integrity Heating & Air,"21862, Maryland",,
Integrity Heating & Air,"21863, Maryland",,
Integrity Heating & Air,"21865, Maryland",,
Integrity Heating & Air,"21869, Maryland",,
Integrity Heating & Air,"21871, Maryland",,
Integrity Heating & Air,"21872, Maryland",,
Integrity Heating & Air,"21874, Maryland",,
Integrity Heating & Air,"21875, Maryland",,
Integrity Heating & Air,"21890, Maryland",,
Integrity Heating & Air,"21912, Maryland",,
Integrity Heating & Air,"21913, Maryland",,
Integrity Heating & Air,"21915, Maryland",,
Integrity Heating & Air,"21919, Maryland",,
Integrity Heating & Air,"21930, Maryland",,
Integrity Heating & Air,"21629, Maryland",,
Integrity Heating & Air,"21617, Maryland",,
Integrity Heating & Air,Delaware,,
Integrity Heating & Air,"Anne Arundel County, Maryland, United States",,Exclude
Integrity Heating & Air,"Prince George's County, Maryland, United States",,Exclude
Integrity Heating & Air,"Howard County, Maryland, United States",,Exclude
Integrity Heating & Air,"Montgomery County, Maryland, United States",,Exclude
Cool Cat Fence - Seattle,"Kent, WA",10mi,
Cool Cat Fence - Seattle,"Kirkland, WA",15mi,
Cool Cat Fence - Seattle,"Mill Creek, WA",7mi,
Cool Cat Fence - Portland,"Beaverton, OR",15mi,
Cool Cat Fence - Portland,"Portland, OR",18mi,
Apple Aire,"Denver, CO",55mi,
Apple Aire,"Fort Collins, CO",20mi,
Apple Aire,"Greeley, CO",30mi,
Apple Aire,Nebraska,,Exclude
Apple Aire,Utah,,Exclude
Apple Aire,Wyoming,,Exclude
Apple Aire,80614,,Exclude
Topline (New York),"Allegany County, New York, United States",,
Topline (New York),"Broome County, New York, United States",,
Topline (New York),"Cattaraugus County, New York, United States",,
Topline (New York),"Cayuga County, New York, United States",,
Topline (New York),"Chautauqua County, New York, United States",,
Topline (New York),"Chemung County, New York, United States",,
Topline (New York),"Chenango County, New York, United States",,
Topline (New York),"Cortland County, New York, United States",,
Topline (New York),"Delaware County, New York, United States",,
Topline (New York),"Erie County, New York, United States",,
Topline (New York),"Genesee County, New York, United States",,
Topline (New York),"Jefferson County, New York, United States",,
Topline (New York),"Livingston County, New York, United States",,
Topline (New York),"Monroe County, New York, United States",,
Topline (New York),"Niagara County, New York, United States",,
Topline (New York),"Onondaga County, New York, United States",,
Topline (New York),"Ontario County, New York, United States",,
Topline (New York),"Orange County, New York, United States",,
Topline (New York),"Orleans County, New York, United States",,
Topline (New York),"Oswego County, New York, United States",,
Topline (New York),"Schuyler County, New York, United States",,
Topline (New York),"Seneca County, New York, United States",,
Topline (New York),"Steuben County, New York, United States",,
Topline (New York),"Sullivan County, New York, United States",,
Topline (New York),"Tioga County, New York, United States",,
Topline (New York),"Tompkins County, New York, United States",,
Topline (New York),"Ulster County, New York, United States",,
Topline (New York),"Wayne County, New York, United States",,
Topline (New York),"Wyoming County, New York, United States",,
Topline (New York),"Yates County, New York, United States",,
Excel Air,"77354, Texas, United States",,
Excel Air,"77075, Texas, United States",,
Excel Air,"77382, Texas, United States",,
Excel Air,"77471, Texas, United States",,
Excel Air,"77506, Texas, United States",,
Excel Air,"77502, Texas, United States",,
Excel Air,"77547, Texas, United States",,
Excel Air,"77581, Texas, United States",,
Excel Air,"Houston, TX 77041",25mi,
Degree Residential,"Doaktown, New Brunswick, Canada",,
Degree Residential,"E9A, New Brunswick, Canada",,
Degree Residential,"E9B, New Brunswick, Canada",,
Degree Residential,"E9C, New Brunswick, Canada",,
Degree Residential,"E9E, New Brunswick, Canada",,
Degree Residential,"E9G, New Brunswick, Canada",,
Degree Residential,"E9H, New Brunswick, Canada",,
Degree Residential,"Lower Saint Marys, NB E3A 8P8, Canada",80mi,
Degree Residential,"Maine, United States",,EXCLUDE
Degree Residential,"Nova Scotia, Canada",,EXCLUDE
Degree Residential,United States,,EXCLUDE
Trust 1,"Boston, MA",,
Trust 1,"Dover, MA",,
Trust 1,"Allston, MA",,
Trust 1,"Abington, MA",,
Trust 1,"Avon, MA",,
Trust 1,"Back Bay, MA",,
Trust 1,"Braintree, MA",,
Trust 1,"Bridgewater, MA",,
Trust 1,"Brighton, MA",,
Trust 1,"Brookline, MA",,
Trust 1,"Cambridge, MA",,
Trust 1,"Canton, MA",,
Trust 1,"Charlestown, MA",,
Trust 1,"Cohasset, MA",,
Trust 1,"Quincy, MA",,
Trust 1,"Dedham, MA",,
Trust 1,"Dorchester, MA",,
Trust 1,"Duxbury, MA",,
Trust 1,"Easton, MA",,
Trust 1,"Foxborough, MA",,
Trust 1,"Hanover, MA",,
Trust 1,"Hanson, MA",,
Trust 1,"Hingham, MA",,
Trust 1,"Holbrook, MA",,
Trust 1,"Hull, MA",,
Trust 1,"Hyde Park, MA",,
Trust 1,"Jamaica Plain, MA",,
Trust 1,"Marshfield, MA",,
Trust 1,"Mattapan, MA",,
Trust 1,"Medfield, MA",,
Trust 1,"Milton, MA",,
Trust 1,"Newton, MA",,
Trust 1,"Norwell, MA",,
Trust 1,"Norwood, MA",,
Trust 1,"Pembroke, MA",,
Trust 1,"Quincy, MA",,
Trust 1,"Randolph, MA",,
Trust 1,"Rockland, MA",,
Trust 1,"Roslindale, MA",,
Trust 1,"Roxbury, MA",,
Trust 1,"Scituate, MA",,
Trust 1,"Sharon, MA",,
Trust 1,"South Boston, MA",,
Trust 1,"South End, MA",,
Trust 1,"Stoughton, MA",,
Trust 1,"Walpole, MA",,
Trust 1,"Wellesley, MA",,
Trust 1,"West Roxbury, MA",,
Trust 1,"Westwood, MA",,
Trust 1,"Weymouth, MA",,
Trust 1,"Whitman, MA",,
Trust 1,"Brockton, MA",,Exclude
Trust 1,"Everett, MA",,Exclude
Trust 1,"Natick, MA",,Exclude
Trust 1,"Waltham, MA",,Exclude
Good2Go (A.M. Botte),"08106, New Jersey",,
Good2Go (A.M. Botte),"08107, New Jersey",,
Good2Go (A.M. Botte),"08108, New Jersey",,
Good2Go (A.M. Botte),"08109, New Jersey",,
Good2Go (A.M. Botte),"08110, New Jersey",,
Good2Go (A.M. Botte),"08002, New Jersey",,
Good2Go (A.M. Botte),"08003, New Jersey",,
Good2Go (A.M. Botte),"08034, New Jersey",,
Good2Go (A.M. Botte),"08004, New Jersey",,
Good2Go (A.M. Botte),"08007, New Jersey",,
Good2Go (A.M. Botte),"08009, New Jersey",,
Good2Go (A.M. Botte),"08091, New Jersey",,
Good2Go (A.M. Botte),"08031, New Jersey",,
Good2Go (A.M. Botte),"08099, New Jersey",,
Good2Go (A.M. Botte),"08033, New Jersey",,
Good2Go (A.M. Botte),"08035, New Jersey",,
Good2Go (A.M. Botte),"08030, New Jersey",,
Good2Go (A.M. Botte),"08043, New Jersey",,
Good2Go (A.M. Botte),"08045, New Jersey",,
Good2Go (A.M. Botte),"08049, New Jersey",,
Good2Go (A.M. Botte),"08059, New Jersey",,
Good2Go (A.M. Botte),"08078, New Jersey",,
Good2Go (A.M. Botte),"08081, New Jersey",,
Good2Go (A.M. Botte),"08083, New Jersey",,
Good2Go (A.M. Botte),"08084, New Jersey",,
Good2Go (A.M. Botte),"08089, New Jersey",,
Good2Go (A.M. Botte),"08095, New Jersey",,
Good2Go (A.M. Botte),"08010, New Jersey",,
Good2Go (A.M. Botte),"08011, New Jersey",,
Good2Go (A.M. Botte),"08016, New Jersey",,
Good2Go (A.M. Botte),"08022, New Jersey",,
Good2Go (A.M. Botte),"08036, New Jersey",,
Good2Go (A.M. Botte),"08041, New Jersey",,
Good2Go (A.M. Botte),"08042, New Jersey",,
Good2Go (A.M. Botte),"08518, New Jersey",,
Good2Go (A.M. Botte),"08554, New Jersey",,
Good2Go (A.M. Botte),"08505, New Jersey",,
Good2Go (A.M. Botte),"08046, New Jersey",,
Good2Go (A.M. Botte),"08048, New Jersey",,
Good2Go (A.M. Botte),"08052, New Jersey",,
Good2Go (A.M. Botte),"08053, New Jersey",,
Good2Go (A.M. Botte),"08054, New Jersey",,
Good2Go (A.M. Botte),"08055, New Jersey",,
Good2Go (A.M. Botte),"08057, New Jersey",,
Good2Go (A.M. Botte),"08060, New Jersey",,
Good2Go (A.M. Botte),"08064, New Jersey",,
Good2Go (A.M. Botte),"08065, New Jersey",,
Good2Go (A.M. Botte),"08073, New Jersey",,
Good2Go (A.M. Botte),"08075, New Jersey",,
Good2Go (A.M. Botte),"08076, New Jersey",,
Good2Go (A.M. Botte),"08077, New Jersey",,
Good2Go (A.M. Botte),"08001, New Jersey",,
Good2Go (A.M. Botte),"08023, New Jersey",,
Good2Go (A.M. Botte),"08038, New Jersey",,
Good2Go (A.M. Botte),"08067, New Jersey",,
Good2Go (A.M. Botte),"08069, New Jersey",,
Good2Go (A.M. Botte),"08070, New Jersey",,
Good2Go (A.M. Botte),"08072, New Jersey",,
Good2Go (A.M. Botte),"08079, New Jersey",,
Good2Go (A.M. Botte),"08098, New Jersey",,
Good2Go (A.M. Botte),"08014, New Jersey",,
Good2Go (A.M. Botte),"08020, New Jersey",,
Good2Go (A.M. Botte),"08025, New Jersey",,
Good2Go (A.M. Botte),"08027, New Jersey",,
Good2Go (A.M. Botte),"08028, New Jersey",,
Good2Go (A.M. Botte),"08032, New Jersey",,
Good2Go (A.M. Botte),"08039, New Jersey",,
Good2Go (A.M. Botte),"08051, New Jersey",,
Good2Go (A.M. Botte),"08056, New Jersey",,
Good2Go (A.M. Botte),"08061, New Jersey",,
Good2Go (A.M. Botte),"08062, New Jersey",,
Good2Go (A.M. Botte),"08063, New Jersey",,
Good2Go (A.M. Botte),"08066, New Jersey",,
Good2Go (A.M. Botte),"08071, New Jersey",,
Good2Go (A.M. Botte),"08074, New Jersey",,
Good2Go (A.M. Botte),"08080, New Jersey",,
Good2Go (A.M. Botte),"08085, New Jersey",,
Good2Go (A.M. Botte),"08086, New Jersey",,
Good2Go (A.M. Botte),"08090, New Jersey",,
Good2Go (A.M. Botte),"08093, New Jersey",,
Good2Go (A.M. Botte),"08094, New Jersey",,
Good2Go (A.M. Botte),"08096, New Jersey",,
Good2Go (A.M. Botte),"08097, New Jersey",,
Good2Go (A.M. Botte),"08312, New Jersey",,
Good2Go (A.M. Botte),"08322, New Jersey",,
Good2Go (A.M. Botte),"08328, New Jersey",,
Good2Go (A.M. Botte),"08343, New Jersey",,
Good2Go (A.M. Botte),"08344, New Jersey",,
Good2Go (A.M. Botte),"08037, New Jersey",,
Good2Go (A.M. Botte),"08094, New Jersey",,
Good2Go (A.M. Botte),"08201, New Jersey",,
Good2Go (A.M. Botte),"08205, New Jersey",,
Good2Go (A.M. Botte),"08213, New Jersey",,
Good2Go (A.M. Botte),"08215, New Jersey",,
Good2Go (A.M. Botte),"08217, New Jersey",,
Good2Go (A.M. Botte),"08220, New Jersey",,
Good2Go (A.M. Botte),"08221, New Jersey",,
Good2Go (A.M. Botte),"08225, New Jersey",,
Good2Go (A.M. Botte),"08231, New Jersey",,
Good2Go (A.M. Botte),"08232, New Jersey",,
Good2Go (A.M. Botte),"08234, New Jersey",,
Good2Go (A.M. Botte),"08240, New Jersey",,
Good2Go (A.M. Botte),"08241, New Jersey",,
Good2Go (A.M. Botte),"08244, New Jersey",,
Good2Go (A.M. Botte),"08270, New Jersey",,
Good2Go (A.M. Botte),"08310, New Jersey",,
Good2Go (A.M. Botte),"08317, New Jersey",,
Good2Go (A.M. Botte),"08319, New Jersey",,
Good2Go (A.M. Botte),"08326, New Jersey",,
Good2Go (A.M. Botte),"08330, New Jersey",,
Good2Go (A.M. Botte),"08340, New Jersey",,
Good2Go (A.M. Botte),"08341, New Jersey",,
Good2Go (A.M. Botte),"08342, New Jersey",,
Good2Go (A.M. Botte),"08344, New Jersey",,
Good2Go (A.M. Botte),"08346, New Jersey",,
Good2Go (A.M. Botte),"08350, New Jersey",,
Good2Go (A.M. Botte),"08210, New Jersey",,
Good2Go (A.M. Botte),"08214, New Jersey",,
Good2Go (A.M. Botte),"08218, New Jersey",,
Good2Go (A.M. Botte),"08219, New Jersey",,
Good2Go (A.M. Botte),"08223, New Jersey",,
Good2Go (A.M. Botte),"08230, New Jersey",,
Good2Go (A.M. Botte),"08242, New Jersey",,
Good2Go (A.M. Botte),"08245, New Jersey",,
Good2Go (A.M. Botte),"08246, New Jersey",,
Good2Go (A.M. Botte),"08248, New Jersey",,
Good2Go (A.M. Botte),"08250, New Jersey",,
Good2Go (A.M. Botte),"08251, New Jersey",,
Good2Go (A.M. Botte),"08252, New Jersey",,
Good2Go (A.M. Botte),"08270, New Jersey",,
Glamorgan,"12533, New York",,Exclude
Glamorgan,"37040, Tennessee",,Exclude
Glamorgan,"10940, New York",,Exclude
Glamorgan,"13754, New York",,Exclude
Glamorgan,"14752, New York",,Exclude
Glamorgan,"12550, New York",,Exclude
Glamorgan,"13620, New York",,Exclude
Glamorgan,"13205, New York",,Exclude
Glamorgan,"14718, New York",,Exclude
Glamorgan,"12998, New York",,Exclude
Glamorgan,"Newburgh, New York, United States",,Exclude
Glamorgan,"Scotchtown, New York, United States",,Exclude
Glamorgan,"13606, New York, United States",,Exclude
Glamorgan,"Fort Covington, New York, United States",,Exclude
Glamorgan,"12956, New York, United States",,Exclude
Glamorgan,"12998, New York, United States",,Exclude
R&T Yoder ,"Plain City, OH 43064",33mi,
Access Heating & Air ,"83605, Idaho",,
Access Heating & Air ,"83607, Idaho",,
Access Heating & Air ,"83616, Idaho",,
Access Heating & Air ,"83617, Idaho",,
Access Heating & Air ,"83629, Idaho",,
Access Heating & Air ,"83634, Idaho",,
Access Heating & Air ,"83639, Idaho",,
Access Heating & Air ,"83641, Idaho",,
Access Heating & Air ,"83642, Idaho",,
Access Heating & Air ,"83644, Idaho",,
Access Heating & Air ,"83646, Idaho",,
Access Heating & Air ,"83651, Idaho",,
Access Heating & Air ,"83669, Idaho",,
Access Heating & Air ,"83686, Idaho",,
Access Heating & Air ,"83687, Idaho",,
Access Heating & Air ,"83702, Idaho",,
Access Heating & Air ,"83703, Idaho",,
Access Heating & Air ,"83704, Idaho",,
Access Heating & Air ,"83705, Idaho",,
Access Heating & Air ,"83706, Idaho",,
Access Heating & Air ,"83709, Idaho",,
Access Heating & Air ,"83712, Idaho",,
Access Heating & Air ,"83713, Idaho",,
Access Heating & Air ,"83714, Idaho",,
HVAC Comfort Inc,"Auburn Hills, Michigan",,
HVAC Comfort Inc,"Berkley, Michigan",,
HVAC Comfort Inc,"Beverly Hills, Michigan",,
HVAC Comfort Inc,"Bingham Farms, Michigan",,
HVAC Comfort Inc,"Birmingham, Michigan",,
HVAC Comfort Inc,"Bloomfield Hills, Michigan",,
HVAC Comfort Inc,"Bloomfield Township, Michigan",,
HVAC Comfort Inc,"Brandon Township, Michigan",,
HVAC Comfort Inc,"Brighton, Michigan",,
HVAC Comfort Inc,"Clarkston, Michigan",,
HVAC Comfort Inc,"Clawson, Michigan",,
HVAC Comfort Inc,"Commerce, Michigan",,
HVAC Comfort Inc,"Davisburg, Michigan",,
HVAC Comfort Inc,"Farmington, Michigan",,
HVAC Comfort Inc,"Farmington Hills, Michigan",,
HVAC Comfort Inc,"Fenton, Michigan",,
HVAC Comfort Inc,"Ferndale, Michigan",,
HVAC Comfort Inc,"Franklin, Michigan",,
HVAC Comfort Inc,"Hartland, Michigan",,
HVAC Comfort Inc,"Highland Township, Michigan",,
HVAC Comfort Inc,"Holly, Michigan",,
HVAC Comfort Inc,"Howell, Michigan",,
HVAC Comfort Inc,"Huntington Woods, Michigan",,
HVAC Comfort Inc,"Independence Township, Michigan",,
HVAC Comfort Inc,"Keego Harbor, Michigan",,
HVAC Comfort Inc,"Lake Orion, Michigan",,
HVAC Comfort Inc,"Lathrup, Michigan",,
HVAC Comfort Inc,"Livonia, Michigan",,
HVAC Comfort Inc,"Lyon Charter Township, Michigan",,
HVAC Comfort Inc,"Madison Heights, Michigan",,
HVAC Comfort Inc,"Milford, Michigan",,
HVAC Comfort Inc,"Northville, Michigan",,
HVAC Comfort Inc,"Novi, Michigan",,
HVAC Comfort Inc,"Oak Park, Michigan",,
HVAC Comfort Inc,"Orchard Lake Village, Michigan",,
HVAC Comfort Inc,"Royal Oak, Michigan",,
HVAC Comfort Inc,"South Lyon, Michigan",,
HVAC Comfort Inc,"Southfield, Michigan",,
HVAC Comfort Inc,"Springfield Township, Michigan",,
HVAC Comfort Inc,"Sylvan Lake, Michigan",,
HVAC Comfort Inc,"Walled Lake, Michigan",,
HVAC Comfort Inc,"Waterford Township, Michigan",,
HVAC Comfort Inc,"West Bloomfield Township, Michigan",,
HVAC Comfort Inc,"White Lake charter Township, Michigan",,
HVAC Comfort Inc,"Wixom, Michigan",,
HVAC Comfort Inc,"Macomb County, Michigan",,
Garden State ,"Monmouth County, New Jersey",,
Garden State ,"Ocean County, New Jersey",,
J&W Heating & Air,"5011 Sunbeam Rd, Jacksonville, FL 32257",50mi,
J&W Heating & Air,"32024, Florida",,Exclude
J&W Heating & Air,"32303, Florida",,Exclude
J&W Heating & Air,"32064, Florida",,Exclude
J&W Heating & Air,"33462, Florida",,Exclude
J&W Heating & Air,"34473, Florida",,Exclude
J&W Heating & Air,"32336, Florida",,Exclude
J&W Heating & Air,"32609, Florida",,Exclude
J&W Heating & Air,"32110, Florida",,Exclude
J&W Heating & Air,"32640, Florida",,Exclude
J&W Heating & Air,"32304, Florida",,Exclude
J&W Heating & Air,"34972, Florida",,Exclude
J&W Heating & Air,"32401, Florida",,Exclude
J&W Heating & Air,"32148, Florida",,Exclude
J&W Heating & Air,"32317, Florida",,Exclude
J&W Heating & Air,"34953, Florida",,Exclude
J&W Heating & Air,"32425, Florida",,Exclude
J&W Heating & Air,"32189, Florida",,Exclude
J&W Heating & Air,"32113, Florida",,Exclude
J&W Heating & Air,"07083, New Jersey",,Exclude
J&W Heating & Air,"32147, Florida",,Exclude
J&W Heating & Air,"34448, Florida",,Exclude
J&W Heating & Air,"33463, Florida",,Exclude
J&W Heating & Air,"32721, Florida",,Exclude
J&W Heating & Air,"32305, Florida",,Exclude
J&W Heating & Air,"33852, Florida",,Exclude
J&W Heating & Air,"32145, Florida",,Exclude
J&W Heating & Air,"32801, Florida",,Exclude
J&W Heating & Air,"32640, Florida",,Exclude
J&W Heating & Air,"32340, Florida",,Exclude
J&W Heating & Air,"32619, Florida",,Exclude
J&W Heating & Air,"32351, Florida",,Exclude
J&W Heating & Air,"32112, Florida",,Exclude
J&W Heating & Air,"33169, Florida",,Exclude
J&W Heating & Air,"32055, Florida",,Exclude
J&W Heating & Air,"32640, Florida",,Exclude
J&W Heating & Air,"32962, Florida",,Exclude
J&W Heating & Air,"34787, Florida",,Exclude
J&W Heating & Air,"33777, Florida",,Exclude
J&W Heating & Air,"33028, Florida",,Exclude
J&W Heating & Air,"31419, Georgia",,Exclude
J&W Heating & Air,"31537, Georgia",,Exclude
J&W Heating & Air,"32822, Florida",,Exclude
J&W Heating & Air,"32246, Florida",,Exclude
J&W Heating & Air,"32413, Florida",,Exclude
J&W Heating & Air,"32179, Florida",,Exclude
J&W Heating & Air,"31313, Georgia",,Exclude
J&W Heating & Air,"32333, Florida",,Exclude
J&W Heating & Air,"32187, Florida",,Exclude
J&W Heating & Air,"30458, Georgia",,Exclude
J&W Heating & Air,"31558, Georgia",,Exclude
J&W Heating & Air,"32207, Florida",,Exclude
J&W Heating & Air,"32322, Florida",,Exclude
J&W Heating & Air,"Georgia, United States",,Exclude
Trilogy AC ,"Alamo, Texas",,
Trilogy AC ,"Alton, Texas",,
Trilogy AC ,"Donna, Texas",,
Trilogy AC ,"Edcouch, Texas",,
Trilogy AC ,"Elsa, Texas",,
Trilogy AC ,"Hidalgo, Texas",,
Trilogy AC ,"La Feria, Texas",,
Trilogy AC ,"La Homa, Texas",,
Trilogy AC ,"La Joya, Texas",,
Trilogy AC ,"Monte Alto, Texas",,
Trilogy AC ,"Palmhurst, Texas",,
Trilogy AC ,"Palmview, Texas",,
Trilogy AC ,"Raymondville, Texas",,
Trilogy AC ,"Rio Grande City, Texas",,
Trilogy AC ,"San Benito, Texas",,
Trilogy AC ,"San Juan, Texas",,
Trilogy AC ,"Weslaco, Texas",25mi,
Trilogy AC ,"Brownsville, Texas",25mi,
Trilogy AC ,"Harlingen, Texas",25mi,
Trilogy AC ,"Mercedes, Texas",25mi,
Trilogy AC ,"Mission, Texas",25mi,
Trilogy AC ,"Pharr, Texas",25mi,
Trilogy AC ,"Edinburg, Texas",50mi,
Trilogy AC ,"McAllen, Texas",50mi,
Apple Aire,"80526, Colorado",,Exclude
Apple Aire,"66616, Kansas",,Exclude
Apple Aire,"60103, Illinois",,Exclude
Apple Aire,"43219, Ohio",,Exclude
Apple Aire,"82240, Wyoming",,Exclude
Apple Aire,"02780, Massachusetts",,Exclude
Apple Aire,"52722, Iowa",,Exclude
Apple Aire,"81226, Colorado",,Exclude
Apple Aire,"59270, Montana",,Exclude
Apple Aire,"80645, Colorado",,Exclude
Apple Aire,"67401, Kansas",,Exclude
Apple Aire,"67220, Kansas",,Exclude
Apple Aire,"70816, Louisiana",,Exclude
Apple Aire,"64801, Missouri",,Exclude
Apple Aire,"68134, Nebraska",,Exclude
Apple Aire,"98272, Washington",,Exclude
Apple Aire,"06514, Connecticut",,Exclude
Apple Aire,"81410, Colorado",,Exclude
Apple Aire,"53045, Wisconsin",,Exclude
Apple Aire,"80723, Colorado",,Exclude
Apple Aire,"75025, Texas",,Exclude
Apple Aire,"80917, Colorado",,Exclude
Apple Aire,"80543, Colorado",,Exclude
Apple Aire,"72916, Arkansas",,Exclude
Apple Aire,"80634, Colorado",,Exclude
Apple Aire,"64110, Missouri",,Exclude
Apple Aire,"82520, Wyoming",,Exclude
Apple Aire,"82006, Wyoming",,Exclude
Apple Aire,"80650, Colorado",,Exclude
Apple Aire,"33301, Florida",,Exclude
Apple Aire,"80537, Colorado",,Exclude
Apple Aire,"67220, Kansas",,Exclude
Apple Aire,"80634, Colorado",,Exclude
Apple Aire,"80924, Colorado",,Exclude
Apple Aire,"46628, Indiana",,Exclude
Apple Aire,"62864, Illinois",,Exclude
Apple Aire,"51503, Iowa",,Exclude
Apple Aire,"95050, California",,Exclude
Apple Aire,"80911, Colorado",,Exclude
Apple Aire,"80538, Colorado",,Exclude
Apple Aire,"89032, Nevada",,Exclude
Apple Aire,"89119, Nevada",,Exclude
Apple Aire,"83686, Idaho",,Exclude
Apple Aire,"43209, Ohio",,Exclude
Apple Aire,"33410, Florida",,Exclude
Apple Aire,"81007, Colorado",,Exclude
Apple Aire,"30253, Georgia",,Exclude
Apple Aire,"88030, New Mexico",,Exclude
Apple Aire,"72501, Arkansas",,Exclude
Apple Aire,"80543, Colorado",,Exclude
Apple Aire,"44132, Ohio",,Exclude
Apple Aire,"81004, Colorado",,Exclude
Apple Aire,"81652, Colorado",,Exclude
Apple Aire,"99205, Washington",,Exclude
Apple Aire,"80911, Colorado",,Exclude
Apple Aire,"72762, Arkansas",,Exclude
Apple Aire,"80634, Colorado",,Exclude
Apple Aire,"80631, Colorado",,Exclude
Apple Aire,"77065, Texas",,Exclude
Apple Aire,"72662, Arkansas",,Exclude
Apple Aire,"64128, Missouri",,Exclude
Apple Aire,"63138, Missouri",,Exclude
Apple Aire,"68516, Nebraska",,Exclude
Apple Aire,"87113, New Mexico",,Exclude
Apple Aire,"65721, Missouri",,Exclude
Apple Aire,"48910, Michigan",,Exclude
Apple Aire,"68106, Nebraska",,Exclude
Apple Aire,"80549, Colorado",,Exclude
Apple Aire,"98129, Washington",,Exclude
Apple Aire,"75019, Texas",,Exclude
Apple Aire,"89593, Nevada",,Exclude
Apple Aire,"63122, Missouri",,Exclude
Apple Aire,"72401, Arkansas",,Exclude
Apple Aire,"64118, Missouri",,Exclude
Apple Aire,"80911, Colorado",,Exclude
Apple Aire,"81007, Colorado",,Exclude
Apple Aire,"46234, Indiana",,Exclude
Apple Aire,"92582, California",,Exclude
Apple Aire,"80906, Colorado",,Exclude
Apple Aire,"65810, Missouri",,Exclude
Apple Aire,"68046, Nebraska",,Exclude
Apple Aire,"75217, Texas",,Exclude
Apple Aire,"92620, California",,Exclude
Apple Aire,"64138, Missouri",,Exclude
Apple Aire,"71603, Arkansas",,Exclude
Apple Aire,"64133, Missouri",,Exclude
Apple Aire,"68528, Nebraska",,Exclude
Apple Aire,"66749, Kansas",,Exclude
Apple Aire,"46725, Indiana",,Exclude
Apple Aire,"68112-2628, Nebraska",,Exclude
Apple Aire,"68104, Nebraska",,Exclude
Apple Aire,"43211, Ohio",,Exclude
Apple Aire,"80907, Colorado",,Exclude
Apple Aire,"08059, New Jersey",,Exclude
Apple Aire,"89142, Nevada",,Exclude
Apple Aire,"57719, South Dakota",,Exclude
Apple Aire,"72118, Arkansas",,Exclude
Apple Aire,"93722, California",,Exclude
Happy Coatings (Red Area),"01240, Massachusetts",,
Happy Coatings (Red Area),"01254, Massachusetts",,
Happy Coatings (Red Area),"12106, New York",,
Happy Coatings (Red Area),"12192, New York",,
Happy Coatings (Red Area),"12029, New York",,
Happy Coatings (Red Area),"12184, New York",,
Happy Coatings (Red Area),"12060, New York",,
Happy Coatings (Red Area),"12087, New York",,
Happy Coatings (Red Area),"12136, New York",,
Happy Coatings (Red Area),"12124, New York",,
Happy Coatings (Red Area),"12130, New York",,
Happy Coatings (Red Area),"01202, Massachusetts",,
Happy Coatings (Red Area),"01203, Massachusetts",,
Happy Coatings (Red Area),"12007, New York",,
Happy Coatings (Red Area),"12115, New York",,
Happy Coatings (Red Area),"01201, Massachusetts",,
Happy Coatings (Red Area),"12125, New York",,
Happy Coatings (Red Area),"12132, New York",,
Happy Coatings (Red Area),"01227, Massachusetts",,
Happy Coatings (Red Area),"12156, New York",,
Happy Coatings (Red Area),"01226, Massachusetts",,
Happy Coatings (Red Area),"12045, New York",,
Happy Coatings (Red Area),"12024, New York",,
Happy Coatings (Red Area),"12195, New York",,
Happy Coatings (Red Area),"12143, New York",,
Happy Coatings (Red Area),"12046, New York",,
Happy Coatings (Red Area),"01224, Massachusetts",,
Happy Coatings (Red Area),"01270, Massachusetts",,
Happy Coatings (Red Area),"01070, Massachusetts",,
Happy Coatings (Red Area),"01330, Massachusetts",,
Happy Coatings (Red Area),"12123, New York",,
Happy Coatings (Red Area),"12062, New York",,
Happy Coatings (Red Area),"12158, New York",,
Happy Coatings (Red Area),"12161, New York",,
Happy Coatings (Red Area),"12033, New York",,
Happy Coatings (Red Area),"12067, New York",,
Happy Coatings (Red Area),"01225, Massachusetts",,
Happy Coatings (Red Area),"12168, New York",,
Happy Coatings (Red Area),"01237, Massachusetts",,
Happy Coatings (Red Area),"12063, New York",,
Happy Coatings (Red Area),"12169, New York",,
Happy Coatings (Red Area),"01338, Massachusetts",,
Happy Coatings (Red Area),"12041, New York",,
Happy Coatings (Red Area),"01256, Massachusetts",,
Happy Coatings (Red Area),"12077, New York",,
Happy Coatings (Red Area),"01370, Massachusetts",,
Happy Coatings (Red Area),"12061, New York",,
Happy Coatings (Red Area),"12054, New York",,
Happy Coatings (Red Area),"12144, New York",,
Happy Coatings (Red Area),"01220, Massachusetts",,
Happy Coatings (Red Area),"12202, New York",,
Happy Coatings (Red Area),"12196, New York",,
Happy Coatings (Red Area),"01339, Massachusetts",,
Happy Coatings (Red Area),"01301, Massachusetts",,
Happy Coatings (Red Area),"12018, New York",,
Happy Coatings (Red Area),"12040, New York",,
Happy Coatings (Red Area),"12209, New York",,
Happy Coatings (Red Area),"01267, Massachusetts",,
Happy Coatings (Red Area),"12159, New York",,
Happy Coatings (Red Area),"12153, New York",,
Happy Coatings (Red Area),"12246, New York",,
Happy Coatings (Red Area),"12208, New York",,
Happy Coatings (Red Area),"12223, New York",,
Happy Coatings (Red Area),"12227, New York",,
Happy Coatings (Red Area),"12247, New York",,
Happy Coatings (Red Area),"01343, Massachusetts",,
Happy Coatings (Red Area),"12212, New York",,
Happy Coatings (Red Area),"12214, New York",,
Happy Coatings (Red Area),"12220, New York",,
Happy Coatings (Red Area),"12224, New York",,
Happy Coatings (Red Area),"12225, New York",,
Happy Coatings (Red Area),"12228, New York",,
Happy Coatings (Red Area),"12229, New York",,
Happy Coatings (Red Area),"12230, New York",,
Happy Coatings (Red Area),"12231, New York",,
Happy Coatings (Red Area),"12233, New York",,
Happy Coatings (Red Area),"12235, New York",,
Happy Coatings (Red Area),"12236, New York",,
Happy Coatings (Red Area),"12237, New York",,
Happy Coatings (Red Area),"12238, New York",,
Happy Coatings (Red Area),"12239, New York",,
Happy Coatings (Red Area),"12240, New York",,
Happy Coatings (Red Area),"12241, New York",,
Happy Coatings (Red Area),"12242, New York",,
Happy Coatings (Red Area),"12243, New York",,
Happy Coatings (Red Area),"12244, New York",,
Happy Coatings (Red Area),"12245, New York",,
Happy Coatings (Red Area),"12248, New York",,
Happy Coatings (Red Area),"12249, New York",,
Happy Coatings (Red Area),"12250, New York",,
Happy Coatings (Red Area),"12255, New York",,
Happy Coatings (Red Area),"12257, New York",,
Happy Coatings (Red Area),"12260, New York",,
Happy Coatings (Red Area),"12261, New York",,
Happy Coatings (Red Area),"12288, New York",,
Happy Coatings (Red Area),"12234, New York",,
Happy Coatings (Red Area),"12207, New York",,
Happy Coatings (Red Area),"12210, New York",,
Happy Coatings (Red Area),"01346, Massachusetts",,
Happy Coatings (Red Area),"12022, New York",,
Happy Coatings (Red Area),"01340, Massachusetts",,
Happy Coatings (Red Area),"12206, New York",,
Happy Coatings (Red Area),"12226, New York",,
Happy Coatings (Red Area),"12232, New York",,
Happy Coatings (Red Area),"12198, New York",,
Happy Coatings (Red Area),"12204, New York",,
Happy Coatings (Red Area),"12203, New York",,
Happy Coatings (Red Area),"12222, New York",,
Happy Coatings (Red Area),"12140, New York",,
Happy Coatings (Red Area),"01337, Massachusetts",,
Happy Coatings (Red Area),"01247, Massachusetts",,
Happy Coatings (Red Area),"01367, Massachusetts",,
Happy Coatings (Red Area),"12211, New York",,
Happy Coatings (Red Area),"12084, New York",,
Happy Coatings (Red Area),"12205, New York",,
Happy Coatings (Red Area),"01350, Massachusetts",,
Happy Coatings (Red Area),"12181, New York",,
Happy Coatings (Red Area),"12138, New York",,
Happy Coatings (Red Area),"12189, New York",,
Happy Coatings (Red Area),"12201, New York",,
Happy Coatings (Red Area),"12180, New York",,
Happy Coatings (Red Area),"12183, New York",,
Happy Coatings (Red Area),"12128, New York",,
Happy Coatings (Red Area),"12110, New York",,
Happy Coatings (Red Area),"12052, New York",,
Happy Coatings (Red Area),"12082, New York",,
Happy Coatings (Red Area),"12047, New York",,
Happy Coatings (Red Area),"12182, New York",,
Bill Leary,"07001, New Jersey",,
Bill Leary,"07008, New Jersey",,
Bill Leary,"07016, New Jersey",,
Bill Leary,"07023, New Jersey",,
Bill Leary,"07027, New Jersey",,
Bill Leary,"07033, New Jersey",,
Bill Leary,"07036, New Jersey",,
Bill Leary,"07040, New Jersey",,
Bill Leary,"07041, New Jersey",,
Bill Leary,"07060, New Jersey",,
Bill Leary,"07061, New Jersey",,
Bill Leary,"07062, New Jersey",,
Bill Leary,"07063, New Jersey",,
Bill Leary,"07064, New Jersey",,
Bill Leary,"07065, New Jersey",,
Bill Leary,"07066, New Jersey",,
Bill Leary,"07067, New Jersey",,
Bill Leary,"07076, New Jersey",,
Bill Leary,"07077, New Jersey",,
Bill Leary,"07080, New Jersey",,
Bill Leary,"07081, New Jersey",,
Bill Leary,"07083, New Jersey",,
Bill Leary,"07088, New Jersey",,
Bill Leary,"07090, New Jersey",,
Bill Leary,"07091, New Jersey",,
Bill Leary,"07092, New Jersey",,
Bill Leary,"07095, New Jersey",,
Bill Leary,"07203, New Jersey",,
Bill Leary,"07204, New Jersey",,
Bill Leary,"07205, New Jersey",,
Bill Leary,"07721, New Jersey",,
Bill Leary,"07722, New Jersey",,
Bill Leary,"07726, New Jersey",,
Bill Leary,"07730, New Jersey",,
Bill Leary,"07733, New Jersey",,
Bill Leary,"07734, New Jersey",,
Bill Leary,"07735, New Jersey",,
Bill Leary,"07735, New Jersey",,
Bill Leary,"07735, New Jersey",,
Bill Leary,"07747, New Jersey",,
Bill Leary,"07751, New Jersey",,
Bill Leary,"07763, New Jersey",,
Bill Leary,"07765, New Jersey",,
Bill Leary,"07901, New Jersey",,
Bill Leary,"07902, New Jersey",,
Bill Leary,"07922, New Jersey",,
Bill Leary,"07974, New Jersey",,
Bill Leary,"08510, New Jersey",,
Bill Leary,"08512, New Jersey",,
Bill Leary,"08535, New Jersey",,
Bill Leary,"08540, New Jersey",,
Bill Leary,"08805, New Jersey",,
Bill Leary,"08810, New Jersey",,
Bill Leary,"08810, New Jersey",,
Bill Leary,"08812, New Jersey",,
Bill Leary,"08816, New Jersey",,
Bill Leary,"08817, New Jersey",,
Bill Leary,"08818, New Jersey",,
Bill Leary,"08820, New Jersey",,
Bill Leary,"08823, New Jersey",,
Bill Leary,"08824, New Jersey",,
Bill Leary,"08824, New Jersey",,
Bill Leary,"08828, New Jersey",,
Bill Leary,"08830, New Jersey",,
Bill Leary,"08831, New Jersey",,
Bill Leary,"08831, New Jersey",,
Bill Leary,"08832, New Jersey",,
Bill Leary,"08835, New Jersey",,
Bill Leary,"08837, New Jersey",,
Bill Leary,"08840, New Jersey",,
Bill Leary,"08846, New Jersey",,
Bill Leary,"08850, New Jersey",,
Bill Leary,"08852, New Jersey",,
Bill Leary,"08852, New Jersey",,
Bill Leary,"08854, New Jersey",,
Bill Leary,"08855, New Jersey",,
Bill Leary,"08857, New Jersey",,
Bill Leary,"08859, New Jersey",,
Bill Leary,"08861, New Jersey",,
Bill Leary,"08862, New Jersey",,
Bill Leary,"08863, New Jersey",,
Bill Leary,"08871, New Jersey",,
Bill Leary,"08872, New Jersey",,
Bill Leary,"08873, New Jersey",,
Bill Leary,"08875, New Jersey",,
Bill Leary,"08876, New Jersey",,
Bill Leary,"08877, New Jersey",,
Bill Leary,"08879, New Jersey",,
Bill Leary,"08880, New Jersey",,
Bill Leary,"08882, New Jersey",,
Bill Leary,"08884, New Jersey",,
Bill Leary,"08890, New Jersey",,
Bill Leary,"08899, New Jersey",,
Bill Leary,"08901, New Jersey",,
Bill Leary,"08902, New Jersey",,
Bill Leary,"08902, New Jersey",,
Bill Leary,"08903, New Jersey",,
Bill Leary,"08904, New Jersey",,
Bill Leary,"08906, New Jersey",,
Bill Leary,"08916, New Jersey",,
Bill Leary,"08933, New Jersey",,
Bill Leary,"08989, New Jersey",,
Bill Leary,Monmouth County,,
Bill Leary,Somerset County,,
Bill Leary,Union County,,
Bill Leary,Middlesex County,,
Happy Coatings,"01001, Massachusetts",,
Happy Coatings,"01002, Massachusetts",,
Happy Coatings,"01003, Massachusetts",,
Happy Coatings,"01004, Massachusetts",,
Happy Coatings,"01007, Massachusetts",,
Happy Coatings,"01008, Massachusetts",,
Happy Coatings,"01009, Massachusetts",,
Happy Coatings,"01010, Massachusetts",,
Happy Coatings,"01012, Massachusetts",,
Happy Coatings,"01013, Massachusetts",,
Happy Coatings,"01020, Massachusetts",,
Happy Coatings,"01022, Massachusetts",,
Happy Coatings,"01026, Massachusetts",,
Happy Coatings,"01027, Massachusetts",,
Happy Coatings,"01028, Massachusetts",,
Happy Coatings,"01030, Massachusetts",,
Happy Coatings,"01032, Massachusetts",,
Happy Coatings,"01033, Massachusetts",,
Happy Coatings,"01035, Massachusetts",,
Happy Coatings,"01036, Massachusetts",,
Happy Coatings,"01038, Massachusetts",,
Happy Coatings,"01039, Massachusetts",,
Happy Coatings,"01040, Massachusetts",,
Happy Coatings,"01053, Massachusetts",,
Happy Coatings,"01056, Massachusetts",,
Happy Coatings,"01059, Massachusetts",,
Happy Coatings,"01060, Massachusetts",,
Happy Coatings,"01061, Massachusetts",,
Happy Coatings,"01062, Massachusetts",,
Happy Coatings,"01063, Massachusetts",,
Happy Coatings,"01066, Massachusetts",,
Happy Coatings,"01069, Massachusetts",,
Happy Coatings,"01072, Massachusetts",,
Happy Coatings,"01073, Massachusetts",,
Happy Coatings,"01075, Massachusetts",,
Happy Coatings,"01077, Massachusetts",,
Happy Coatings,"01079, Massachusetts",,
Happy Coatings,"01080, Massachusetts",,
Happy Coatings,"01082, Massachusetts",,
Happy Coatings,"01083, Massachusetts",,
Happy Coatings,"01084, Massachusetts",,
Happy Coatings,"01085, Massachusetts",,
Happy Coatings,"01088, Massachusetts",,
Happy Coatings,"01089, Massachusetts",,
Happy Coatings,"01095, Massachusetts",,
Happy Coatings,"01096, Massachusetts",,
Happy Coatings,"01098, Massachusetts",,
Happy Coatings,"01103, Massachusetts",,
Happy Coatings,"01104, Massachusetts",,
Happy Coatings,"01105, Massachusetts",,
Happy Coatings,"01106, Massachusetts",,
Happy Coatings,"01107, Massachusetts",,
Happy Coatings,"01108, Massachusetts",,
Happy Coatings,"01109, Massachusetts",,
Happy Coatings,"01118, Massachusetts",,
Happy Coatings,"01119, Massachusetts",,
Happy Coatings,"01128, Massachusetts",,
Happy Coatings,"01129, Massachusetts",,
Happy Coatings,"01151, Massachusetts",,
Happy Coatings,"01152, Massachusetts",,
Happy Coatings,"01199, Massachusetts",,
Happy Coatings,"01201, Massachusetts",,
Happy Coatings,"01220, Massachusetts",,
Happy Coatings,"01223, Massachusetts",,
Happy Coatings,"01224, Massachusetts",,
Happy Coatings,"01225, Massachusetts",,
Happy Coatings,"01226, Massachusetts",,
Happy Coatings,"01227, Massachusetts",,
Happy Coatings,"01230, Massachusetts",,
Happy Coatings,"01235, Massachusetts",,
Happy Coatings,"01236, Massachusetts",,
Happy Coatings,"01237, Massachusetts",,
Happy Coatings,"01238, Massachusetts",,
Happy Coatings,"01240, Massachusetts",,
Happy Coatings,"01242, Massachusetts",,
Happy Coatings,"01243, Massachusetts",,
Happy Coatings,"01244, Massachusetts",,
Happy Coatings,"01245, Massachusetts",,
Happy Coatings,"01247, Massachusetts",,
Happy Coatings,"01252, Massachusetts",,
Happy Coatings,"01253, Massachusetts",,
Happy Coatings,"01254, Massachusetts",,
Happy Coatings,"01255, Massachusetts",,
Happy Coatings,"01256, Massachusetts",,
Happy Coatings,"01257, Massachusetts",,
Happy Coatings,"01258, Massachusetts",,
Happy Coatings,"01259, Massachusetts",,
Happy Coatings,"01260, Massachusetts",,
Happy Coatings,"01262, Massachusetts",,
Happy Coatings,"01264, Massachusetts",,
Happy Coatings,"01266, Massachusetts",,
Happy Coatings,"01267, Massachusetts",,
Happy Coatings,"01270, Massachusetts",,
Happy Coatings,"01273, Massachusetts",,
Happy Coatings,"01274, Massachusetts",,
Happy Coatings,"01301, Massachusetts",,
Happy Coatings,"01330, Massachusetts",,
Happy Coatings,"01331, Massachusetts",,
Happy Coatings,"01337, Massachusetts",,
Happy Coatings,"01338, Massachusetts",,
Happy Coatings,"01339, Massachusetts",,
Happy Coatings,"01340, Massachusetts",,
Happy Coatings,"01341, Massachusetts",,
Happy Coatings,"01342, Massachusetts",,
Happy Coatings,"01343, Massachusetts",,
Happy Coatings,"01344, Massachusetts",,
Happy Coatings,"01346, Massachusetts",,
Happy Coatings,"01347, Massachusetts",,
Happy Coatings,"01349, Massachusetts",,
Happy Coatings,"01350, Massachusetts",,
Happy Coatings,"01351, Massachusetts",,
Happy Coatings,"01354, Massachusetts",,
Happy Coatings,"01355, Massachusetts",,
Happy Coatings,"01360, Massachusetts",,
Happy Coatings,"01364, Massachusetts",,
Happy Coatings,"01366, Massachusetts",,
Happy Coatings,"01367, Massachusetts",,
Happy Coatings,"01368, Massachusetts",,
Happy Coatings,"01370, Massachusetts",,
Happy Coatings,"01373, Massachusetts",,
Happy Coatings,"01376, Massachusetts",,
Happy Coatings,"01378, Massachusetts",,
Happy Coatings,"01379, Massachusetts",,
Happy Coatings,"01380, Massachusetts",,
Flow-Tech,"46502, Indiana",,
Flow-Tech,"46527, Indiana",,
Flow-Tech,"46537, Indiana",,
Flow-Tech,"46567, Indiana",,
Flow-Tech,"46581, Indiana",,
Flow-Tech,"46799, Indiana",,
Flow-Tech,"46912, Indiana",,
Flow-Tech,"46921, Indiana",,
Flow-Tech,"46931, Indiana",,
Flow-Tech,"46935, Indiana",,
Flow-Tech,"46946, Indiana",,
Flow-Tech,"46958, Indiana",,
Flow-Tech,"46959, Indiana",,
Flow-Tech,"46961, Indiana",,
Flow-Tech,"46980, Indiana",,
Flow-Tech,"46984, Indiana",,
Flow-Tech,"46987, Indiana",,
Flow-Tech,"46910, Indiana",,
Flow-Tech,"46701, Indiana",,
Flow-Tech,"46911, Indiana",,
Flow-Tech,"46702, Indiana",,
Flow-Tech,"46703, Indiana",,
Flow-Tech,"46501, Indiana",,
Flow-Tech,"46705, Indiana",,
Flow-Tech,"46706, Indiana",,
Flow-Tech,"46710, Indiana",,
Flow-Tech,"46711, Indiana",,
Flow-Tech,"46714, Indiana",,
Flow-Tech,"46506, Indiana",,
Flow-Tech,"46508, Indiana",,
Flow-Tech,"46721, Indiana",,
Flow-Tech,"46723, Indiana",,
Flow-Tech,"46510, Indiana",,
Flow-Tech,"46725, Indiana",,
Flow-Tech,"46919, Indiana",,
Flow-Tech,"46730, Indiana",,
Flow-Tech,"46731, Indiana",,
Flow-Tech,"46732, Indiana",,
Flow-Tech,"46511, Indiana",,
Flow-Tech,"46733, Indiana",,
Flow-Tech,"46926, Indiana",,
Flow-Tech,"46524, Indiana",,
Flow-Tech,"46802, Indiana",,
Flow-Tech,"46803, Indiana",,
Flow-Tech,"46804, Indiana",,
Flow-Tech,"46805, Indiana",,
Flow-Tech,"46807, Indiana",,
Flow-Tech,"46808, Indiana",,
Flow-Tech,"46809, Indiana",,
Flow-Tech,"46815, Indiana",,
Flow-Tech,"46825, Indiana",,
Flow-Tech,"46835, Indiana",,
Flow-Tech,"46704, Indiana",,
Flow-Tech,"46737, Indiana",,
Flow-Tech,"46933, Indiana",,
Flow-Tech,"46528, Indiana",,
Flow-Tech,"46526, Indiana",,
Flow-Tech,"46741, Indiana",,
Flow-Tech,"46742, Indiana",,
Flow-Tech,"46743, Indiana",,
Flow-Tech,"46745, Indiana",,
Flow-Tech,"46746, Indiana",,
Flow-Tech,"46818, Indiana",,
Flow-Tech,"46748, Indiana",,
Flow-Tech,"46750, Indiana",,
Flow-Tech,"46755, Indiana",,
Flow-Tech,"46939, Indiana",,
Flow-Tech,"46760, Indiana",,
Flow-Tech,"46940, Indiana",,
Flow-Tech,"46761, Indiana",,
Flow-Tech,"46763, Indiana",,
Flow-Tech,"46941, Indiana",,
Flow-Tech,"46943, Indiana",,
Flow-Tech,"46764, Indiana",,
Flow-Tech,"46538, Indiana",,
Flow-Tech,"46765, Indiana",,
Flow-Tech,"46766, Indiana",,
Flow-Tech,"46767, Indiana",,
Flow-Tech,"46947, Indiana",,
Flow-Tech,"46951, Indiana",,
Flow-Tech,"46953, Indiana",,
Flow-Tech,"46952, Indiana",,
Flow-Tech,"46770, Indiana",,
Flow-Tech,"46539, Indiana",,
Flow-Tech,"46914, Indiana",,
Flow-Tech,"46540, Indiana",,
Flow-Tech,"46542, Indiana",,
Flow-Tech,"46543, Indiana",,
Flow-Tech,"46772, Indiana",,
Flow-Tech,"46773, Indiana",,
Flow-Tech,"46550, Indiana",,
Flow-Tech,"46774, Indiana",,
Flow-Tech,"46553, Indiana",,
Flow-Tech,"46962, Indiana",,
Flow-Tech,"46555, Indiana",,
Flow-Tech,"46776, Indiana",,
Flow-Tech,"46777, Indiana",,
Flow-Tech,"46970, Indiana",,
Flow-Tech,"46562, Indiana",,
Flow-Tech,"46779, Indiana",,
Flow-Tech,"46747, Indiana",,
Flow-Tech,"46563, Indiana",,
Flow-Tech,"46974, Indiana",,
Flow-Tech,"46814, Indiana",,
Flow-Tech,"46783, Indiana",,
Flow-Tech,"46975, Indiana",,
Flow-Tech,"46784, Indiana",,
Flow-Tech,"46785, Indiana",,
Flow-Tech,"46565, Indiana",,
Flow-Tech,"46982, Indiana",,
Flow-Tech,"46795, Indiana",,
Flow-Tech,"46787, Indiana",,
Flow-Tech,"46788, Indiana",,
Flow-Tech,"46986, Indiana",,
Flow-Tech,"46570, Indiana",,
Flow-Tech,"46504, Indiana",,
Flow-Tech,"46571, Indiana",,
Flow-Tech,"46791, Indiana",,
Flow-Tech,"46990, Indiana",,
Flow-Tech,"46991, Indiana",,
Flow-Tech,"46992, Indiana",,
Flow-Tech,"46573, Indiana",,
Flow-Tech,"46792, Indiana",,
Flow-Tech,"46582, Indiana",,
Flow-Tech,"46580, Indiana",,
Flow-Tech,"46793, Indiana",,
Flow-Tech,"46794, Indiana",,
Flow-Tech,"46590, Indiana",,
Flow-Tech,"46797, Indiana",,
Flow-Tech,"46819, Indiana",,
Flow-Tech,"46798, Indiana",,
Flow-Tech,Alabama,,Exclude
Flow-Tech,"60636, Illinois",,Exclude
Flow-Tech,"60417, Illinois",,Exclude
Flow-Tech,"46310, Indiana",,Exclude
Flow-Tech,"46901, Indiana",,Exclude
Flow-Tech,"46806, Indiana",,Exclude
Flow-Tech,"46530, Indiana",,Exclude
Flow-Tech,"47909, Indiana",,Exclude
Flow-Tech,"46614, Indiana",,Exclude
Flow-Tech,"46613, Indiana",,Exclude
Flow-Tech,"46628, Indiana",,Exclude
Flow-Tech,"47175, Indiana",,Exclude
Flow-Tech,"47803, Indiana",,Exclude
Flow-Tech,"46072, Indiana",,Exclude
Flow-Tech,"Bristol, Indiana",,Exclude
Flow-Tech,"Elkhart, Indiana",,Exclude
Flow-Tech,"40456, Kentucky",,Exclude
Flow-Tech,"41514, Kentucky",,Exclude
Flow-Tech,"41568, Kentucky",,Exclude
Flow-Tech,Tennessee,,Exclude
Flow-Tech,Illinois,,Exclude
Flow-Tech,Kentucky,,Exclude
Flow-Tech,Ohio,,Exclude
Flow-Tech,Michigan,,Exclude
Flow-Tech,"46507, Indiana",,Exclude
Flow-Tech,"46514, Indiana",,Exclude
Flow-Tech,"46515, Indiana",,Exclude
Flow-Tech,"46516, Indiana",,Exclude
Flow-Tech,"46517, Indiana",,Exclude
Topline - Ohio (Canton),"Carroll County, Ohio, United States",,
Topline - Ohio (Canton),"Columbiana County, Ohio, United States",,
Topline - Ohio (Canton),"Harrison County, Ohio, United States",,
Topline - Ohio (Canton),"Portage County, Ohio, United States",,
Topline - Ohio (Canton),"Jefferson County, Ohio, United States",,
Topline - Ohio (Canton),"Mahoning County, Ohio, United States",,
Topline - Ohio (Canton),"Trumbull County, Ohio, United States",,
Topline - Ohio (Canton),"Wilmot, OH",60mi,
Topline - Ohio (Canton),"Hartsgrove Township, OH",35mi,
Topline - Ohio (Canton),"Norwalk, OH",18mi,
Topline - Ohio (Canton),Pennsylvania,,Exclude 
Topline - Ohio (Canton),Licking County,,Exclude
Topline - Ohio (Canton),"Canton, OH ",35mi,
Topline - Ohio (Canton),"Carroll County, Ohio, United States",,
Topline - Ohio (Canton),"Columbiana County, Ohio, United States",,
Topline - Ohio (Canton),"Harrison County, Ohio, United States",,
Topline - Ohio (Canton),"Jefferson County, Ohio, United States",,
Topline - Ohio (Canton),"Mahoning County, Ohio, United States",,
Topline - Ohio (Canton),"Portage County, Ohio, United States",,
Topline - Ohio (Canton),"Trumbull County, Ohio, United States",,
Anna's Air & Heat,"Brevard County, Florida",,
Anna's Air & Heat,"Titusville, Florida",,Exclude
Foxy Coatings (Lancaster),"40.335648,-75.926874",85mi,
Foxy Coatings (Lancaster),"Myerstown, PA",95mi,
Foxy Coatings (Lancaster),"Baltimore County, Maryland, United States",,
Foxy Coatings (Lancaster),"Carroll County, Maryland, United States",,
Foxy Coatings (Lancaster),"Cecil County, Maryland, United States",,
Foxy Coatings (Lancaster),"Frederick County, Maryland, United States",,
Foxy Coatings (Lancaster),"Harford County, Maryland, United States",,
Foxy Coatings (Lancaster),"Kent County, Maryland, United States",,
Foxy Coatings (Lancaster),"21090, Maryland",,Exclude
Foxy Coatings (Lancaster),"21240, Maryland",,Exclude
Foxy Coatings (Lancaster),"21061, Maryland",,Exclude
Foxy Coatings (Lancaster),"21225, Maryland",,Exclude
Foxy Coatings (Lancaster),"21062, Maryland",,Exclude
Foxy Coatings (Lancaster),"21227, Maryland",,Exclude
Foxy Coatings (Lancaster),"21060, Maryland",,Exclude
Foxy Coatings (Lancaster),"21226, Maryland",,Exclude
Foxy Coatings (Lancaster),"21077, Maryland",,Exclude
Foxy Coatings (Lancaster),"21230, Maryland",,Exclude
Foxy Coatings (Lancaster),"21076, Maryland",,Exclude
Foxy Coatings (Lancaster),"21250, Maryland",,Exclude
Foxy Coatings (Lancaster),"21223, Maryland",,Exclude
Foxy Coatings (Lancaster),"21075, Maryland",,Exclude
Foxy Coatings (Lancaster),"21144, Maryland",,Exclude
Foxy Coatings (Lancaster),"21229, Maryland",,Exclude
Foxy Coatings (Lancaster),"21203, Maryland",,Exclude
Foxy Coatings (Lancaster),"21270, Maryland",,Exclude
Foxy Coatings (Lancaster),"21279, Maryland",,Exclude
Foxy Coatings (Lancaster),"21281, Maryland",,Exclude
Foxy Coatings (Lancaster),"21282, Maryland",,Exclude
Foxy Coatings (Lancaster),"21289, Maryland",,Exclude
Foxy Coatings (Lancaster),"21275, Maryland",,Exclude
Foxy Coatings (Lancaster),"21297, Maryland",,Exclude
Foxy Coatings (Lancaster),"21298, Maryland",,Exclude
Foxy Coatings (Lancaster),"21273, Maryland",,Exclude
Foxy Coatings (Lancaster),"21233, Maryland",,Exclude
Foxy Coatings (Lancaster),"21263, Maryland",,Exclude
Foxy Coatings (Lancaster),"21264, Maryland",,Exclude
Foxy Coatings (Lancaster),"21290, Maryland",,Exclude
Foxy Coatings (Lancaster),"21231, Maryland",,Exclude
Foxy Coatings (Lancaster),"21201, Maryland",,Exclude
Foxy Coatings (Lancaster),"21278, Maryland",,Exclude
Foxy Coatings (Lancaster),"21202, Maryland",,Exclude
Foxy Coatings (Lancaster),"21287, Maryland",,Exclude
Foxy Coatings (Lancaster),"21228, Maryland",,Exclude
Foxy Coatings (Lancaster),"21217, Maryland",,Exclude
Foxy Coatings (Lancaster),"21224, Maryland",,Exclude
Foxy Coatings (Lancaster),"21108, Maryland",,Exclude
Foxy Coatings (Lancaster),"21216, Maryland",,Exclude
Foxy Coatings (Lancaster),"21205, Maryland",,Exclude
Foxy Coatings (Lancaster),"21123, Maryland",,Exclude
Foxy Coatings (Lancaster),"21122, Maryland",,Exclude
Foxy Coatings (Lancaster),"21222, Maryland",,Exclude
Foxy Coatings (Lancaster),"21213, Maryland",,Exclude
Foxy Coatings (Lancaster),"20794, Maryland",,Exclude
Foxy Coatings (Lancaster),"21211, Maryland",,Exclude
Foxy Coatings (Lancaster),"21043, Maryland",,Exclude
Foxy Coatings (Lancaster),"21218, Maryland",,Exclude
Foxy Coatings (Lancaster),"21241, Maryland",,Exclude
Foxy Coatings (Lancaster),"21235, Maryland",,Exclude
Foxy Coatings (Lancaster),"20701, Maryland",,Exclude
Foxy Coatings (Lancaster),"21146, Maryland",,Exclude
Foxy Coatings (Lancaster),"21207, Maryland",,Exclude
Foxy Coatings (Lancaster),"21041, Maryland",,Exclude
Foxy Coatings (Lancaster),"21045, Maryland",,Exclude
Foxy Coatings (Lancaster),"21215, Maryland",,Exclude
Foxy Coatings (Lancaster),"21052, Maryland",,Exclude
Foxy Coatings (Lancaster),"20763, Maryland",,Exclude
Foxy Coatings (Lancaster),"21251, Maryland",,Exclude
Foxy Coatings (Lancaster),"20755, Maryland",,Exclude
Foxy Coatings (Lancaster),"21046, Maryland",,Exclude
Foxy Coatings (Lancaster),"21206, Maryland",,Exclude
Foxy Coatings (Lancaster),"21210, Maryland",,Exclude
Foxy Coatings (Lancaster),"21113, Maryland",,Exclude
Foxy Coatings (Lancaster),"21214, Maryland",,Exclude
Foxy Coatings (Lancaster),"20724, Maryland",,Exclude
Foxy Coatings (Lancaster),"21212, Maryland",,Exclude
Foxy Coatings (Lancaster),"21239, Maryland",,Exclude
Foxy Coatings (Lancaster),"21219, Maryland",,Exclude
Foxy Coatings (Lancaster),"21209, Maryland",,Exclude
Foxy Coatings (Lancaster),"21032, Maryland",,Exclude
Foxy Coatings (Lancaster),"21054, Maryland",,Exclude
Foxy Coatings (Lancaster),"21244, Maryland",,Exclude
Foxy Coatings (Lancaster),"21237, Maryland",,Exclude
Foxy Coatings (Lancaster),"Baltimore, Maryland",,Exclude
Foxy Coatings (Lancaster),"Philadelphia, Pennsylvania",,Exclude
Foxy Coatings (Lancaster),"New York, United States",,Exclude
Foxy Coatings (Pittsburgh),"Lyndora, Butler Township, PA",100mi,
Foxy Coatings (Pittsburgh),"Maryland, United States",,Exclude
Foxy Coatings (Pittsburgh),"Pittsburgh, Pennsylvania, United States",,Exclude
Foxy Coatings (Pittsburgh),"West Virginia, United States",,Exclude
Foxy Coatings (Pittsburgh),"New York, United States",,Exclude
Aire Serv of Pleasanton,"94501, California",,
Aire Serv of Pleasanton,"94502, California",,
Aire Serv of Pleasanton,"94505, California",,
Aire Serv of Pleasanton,"94506, California",,
Aire Serv of Pleasanton,"94507, California",,
Aire Serv of Pleasanton,"94509, California",,
Aire Serv of Pleasanton,"94511, California",,
Aire Serv of Pleasanton,"94513, California",,
Aire Serv of Pleasanton,"94514, California",,
Aire Serv of Pleasanton,"94517, California",,
Aire Serv of Pleasanton,"94518, California",,
Aire Serv of Pleasanton,"94519, California",,
Aire Serv of Pleasanton,"94520, California",,
Aire Serv of Pleasanton,"94521, California",,
Aire Serv of Pleasanton,"94523, California",,
Aire Serv of Pleasanton,"94525, California",,
Aire Serv of Pleasanton,"94526, California",,
Aire Serv of Pleasanton,"94530, California",,
Aire Serv of Pleasanton,"94531, California",,
Aire Serv of Pleasanton,"94536, California",,
Aire Serv of Pleasanton,"94538, California",,
Aire Serv of Pleasanton,"94539, California",,
Aire Serv of Pleasanton,"94541, California",,
Aire Serv of Pleasanton,"94542, California",,
Aire Serv of Pleasanton,"94544, California",,
Aire Serv of Pleasanton,"94545, California",,
Aire Serv of Pleasanton,"94546, California",,
Aire Serv of Pleasanton,"94547, California",,
Aire Serv of Pleasanton,"94548, California",,
Aire Serv of Pleasanton,"94549, California",,
Aire Serv of Pleasanton,"94550, California",,
Aire Serv of Pleasanton,"94551, California",,
Aire Serv of Pleasanton,"94552, California",,
Aire Serv of Pleasanton,"94553, California",,
Aire Serv of Pleasanton,"94555, California",,
Aire Serv of Pleasanton,"94557, California",,
Aire Serv of Pleasanton,"94560, California",,
Aire Serv of Pleasanton,"94561, California",,
Aire Serv of Pleasanton,"94563, California",,
Aire Serv of Pleasanton,"94564, California",,
Aire Serv of Pleasanton,"94565, California",,
Aire Serv of Pleasanton,"94566, California",,
Aire Serv of Pleasanton,"94568, California",,
Aire Serv of Pleasanton,"94569, California",,
Aire Serv of Pleasanton,"94572, California",,
Aire Serv of Pleasanton,"94577, California",,
Aire Serv of Pleasanton,"94578, California",,
Aire Serv of Pleasanton,"94579, California",,
Aire Serv of Pleasanton,"94580, California",,
Aire Serv of Pleasanton,"94582, California",,
Aire Serv of Pleasanton,"94583, California",,
Aire Serv of Pleasanton,"94586, California",,
Aire Serv of Pleasanton,"94587, California",,
Aire Serv of Pleasanton,"94595, California",,
Aire Serv of Pleasanton,"94596, California",,
Aire Serv of Pleasanton,"94597, California",,
Aire Serv of Pleasanton,"94598, California",,
Aire Serv of Pleasanton,"94601, California",,
Aire Serv of Pleasanton,"94602, California",,
Aire Serv of Pleasanton,"94603, California",,
Aire Serv of Pleasanton,"94605, California",,
Aire Serv of Pleasanton,"94606, California",,
Aire Serv of Pleasanton,"94607, California",,
Aire Serv of Pleasanton,"94608, California",,
Aire Serv of Pleasanton,"94609, California",,
Aire Serv of Pleasanton,"94610, California",,
Aire Serv of Pleasanton,"94611, California",,
Aire Serv of Pleasanton,"94612, California",,
Aire Serv of Pleasanton,"94613, California",,
Aire Serv of Pleasanton,"94618, California",,
Aire Serv of Pleasanton,"94619, California",,
Aire Serv of Pleasanton,"94621, California",,
Aire Serv of Pleasanton,"94702, California",,
Aire Serv of Pleasanton,"94703, California",,
Aire Serv of Pleasanton,"94705, California",,
Aire Serv of Pleasanton,"94706, California",,
Aire Serv of Pleasanton,"94709, California",,
Aire Serv of Pleasanton,"94710, California",,
Aire Serv of Pleasanton,"94801, California",,
Aire Serv of Pleasanton,"94803, California",,
Aire Serv of Pleasanton,"94804, California",,
Aire Serv of Pleasanton,"94805, California",,
Aire Serv of Pleasanton,"94806, California",,
Aire Serv of Pleasanton,"94022, California",,
Aire Serv of Pleasanton,"94024, California",,
Aire Serv of Pleasanton,"94035, California",,
Aire Serv of Pleasanton,"94040, California",,
Aire Serv of Pleasanton,"94041, California",,
Aire Serv of Pleasanton,"94043, California",,
Aire Serv of Pleasanton,"94085, California",,
Aire Serv of Pleasanton,"94086, California",,
Aire Serv of Pleasanton,"94087, California",,
Aire Serv of Pleasanton,"94088, California",,
Aire Serv of Pleasanton,"94089, California",,
Aire Serv of Pleasanton,"94301, California",,
Aire Serv of Pleasanton,"94303, California",,
Aire Serv of Pleasanton,"94304, California",,
Aire Serv of Pleasanton,"94305, California",,
Aire Serv of Pleasanton,"94306, California",,
Aire Serv of Pleasanton,"95002, California",,
Aire Serv of Pleasanton,"95008, California",,
Aire Serv of Pleasanton,"95013, California",,
Aire Serv of Pleasanton,"95014, California",,
Aire Serv of Pleasanton,"95020, California",,
Aire Serv of Pleasanton,"95030, California",,
Aire Serv of Pleasanton,"95032, California",,
Aire Serv of Pleasanton,"95035, California",,
Aire Serv of Pleasanton,"95037, California",,
Aire Serv of Pleasanton,"95050, California",,
Aire Serv of Pleasanton,"95051, California",,
Aire Serv of Pleasanton,"95054, California",,
Aire Serv of Pleasanton,"95070, California",,
Aire Serv of Pleasanton,"95110, California",,
Aire Serv of Pleasanton,"95111, California",,
Aire Serv of Pleasanton,"95112, California",,
Aire Serv of Pleasanton,"95113, California",,
Aire Serv of Pleasanton,"95116, California",,
Aire Serv of Pleasanton,"95117, California",,
Aire Serv of Pleasanton,"95118, California",,
Aire Serv of Pleasanton,"95119, California",,
Aire Serv of Pleasanton,"95120, California",,
Aire Serv of Pleasanton,"95121, California",,
Aire Serv of Pleasanton,"95122, California",,
Aire Serv of Pleasanton,"95123, California",,
Aire Serv of Pleasanton,"95124, California",,
Aire Serv of Pleasanton,"95125, California",,
Aire Serv of Pleasanton,"95126, California",,
Aire Serv of Pleasanton,"95127, California",,
Aire Serv of Pleasanton,"95128, California",,
Aire Serv of Pleasanton,"95129, California",,
Aire Serv of Pleasanton,"95130, California",,
Aire Serv of Pleasanton,"95131, California",,
Aire Serv of Pleasanton,"95132, California",,
Aire Serv of Pleasanton,"95133, California",,
Aire Serv of Pleasanton,"95134, California",,
Aire Serv of Pleasanton,"95135, California",,
Aire Serv of Pleasanton,"95136, California",,
Aire Serv of Pleasanton,"95138, California",,
Aire Serv of Pleasanton,"95139, California",,
Aire Serv of Pleasanton,"95140, California",,
Aire Serv of Pleasanton,"95148, California",,